<?xml version="1.0" encoding="UTF-8"?>

<!--
   Allatori Obfuscator v1.0 Demo
   Web: http://www.allatori.com

   Log created: Fri Jan 27 00:00:57 EET 2006
-->

<allatori>
 <mapping>
  <class old="com.smardec.mousegestures.test.TestFrame$1" new="com.smardec.mousegestures.test.a">
   <method old="actionPerformed(Ljava/awt/event/ActionEvent;)V" new="actionPerformed"/>
   <field old="this$0" new="a"/>
  </class>
  <class old="com.smardec.mousegestures.test.TestFrame" new="com.smardec.mousegestures.test.TestFrame">
   <method old="access$000(Lcom/smardec/mousegestures/test/TestFrame;)Lcom/smardec/mousegestures/MouseGestures;" new="a"/>
   <method old="main([Ljava/lang/String;)V" new="main"/>
   <method old="initControls()V" new="b"/>
   <method old="initStatusBar()V" new="c"/>
   <method old="setGestureString(Ljava/lang/String;)V" new="a"/>
   <method old="access$100(Lcom/smardec/mousegestures/test/TestFrame;Ljava/lang/String;)V" new="a"/>
   <method old="initSize()V" new="a"/>
   <method old="initMouseGestures()V" new="d"/>
   <field old="mouseGestures" new="b"/>
   <field old="statusLabel" new="a"/>
  </class>
  <class old="com.smardec.mousegestures.test.TestFrame$2" new="com.smardec.mousegestures.test.b">
   <method old="actionPerformed(Ljava/awt/event/ActionEvent;)V" new="actionPerformed"/>
   <field old="this$0" new="a"/>
  </class>
  <class old="com.smardec.mousegestures.test.TestFrame$3" new="com.smardec.mousegestures.test.c">
   <method old="actionPerformed(Ljava/awt/event/ActionEvent;)V" new="actionPerformed"/>
   <field old="this$0" new="a"/>
  </class>
  <class old="com.smardec.mousegestures.MouseGesturesListener" new="com.smardec.mousegestures.a">
   <method old="processGesture(Ljava/lang/String;)V" new="a"/>
   <method old="gestureMovementRecognized(Ljava/lang/String;)V" new="b"/>
  </class>
  <class old="com.smardec.mousegestures.test.TestFrame$4" new="com.smardec.mousegestures.test.d">
   <method old="gestureMovementRecognized(Ljava/lang/String;)V" new="b"/>
   <method old="processGesture(Ljava/lang/String;)V" new="a"/>
   <method old="addCommas(Ljava/lang/String;)Ljava/lang/String;" new="c"/>
   <field old="this$0" new="a"/>
  </class>
  <class old="com.smardec.mousegestures.MouseGestures" new="com.smardec.mousegestures.b">
   <method old="access$200(Lcom/smardec/mousegestures/MouseGestures;Ljava/lang/String;)V" new="a"/>
   <method old="removeMouseGesturesListener(Lcom/smardec/mousegestures/MouseGesturesListener;)V" new="a"/>
   <method old="addMouseGesturesListener(Lcom/smardec/mousegestures/MouseGesturesListener;)V" new="b"/>
   <method old="access$100(Lcom/smardec/mousegestures/MouseGestures;)Lcom/smardec/mousegestures/MouseGesturesRecognizer;" new="b"/>
   <method old="fireProcessMouseGesture(Ljava/lang/String;)V" new="b"/>
   <method old="setGridSize(I)V" new="b"/>
   <method old="setMouseButton(I)V" new="a"/>
   <method old="start()V" new="c"/>
   <method old="stop()V" new="d"/>
   <method old="getMouseButton()I" new="b"/>
   <method old="access$000(Lcom/smardec/mousegestures/MouseGestures;)I" new="a"/>
   <method old="getGridSize()I" new="a"/>
   <method old="fireGestureMovementRecognized(Ljava/lang/String;)V" new="a"/>
   <field old="listeners" new="c"/>
   <field old="mouseButton" new="d"/>
   <field old="mouseGesturesRecognizer" new="a"/>
   <field old="mouseGesturesEventListener" new="b"/>
  </class>
  <class old="com.smardec.mousegestures.MouseGesturesRecognizer" new="com.smardec.mousegestures.c">
   <method old="getGridSize()I" new="c"/>
   <method old="getDeltaX(Ljava/awt/Point;Ljava/awt/Point;)I" new="b"/>
   <method old="getGesture()Ljava/lang/String;" new="d"/>
   <method old="processMouseEvent(Ljava/awt/event/MouseEvent;)V" new="a"/>
   <method old="setGridSize(I)V" new="a"/>
   <method old="getDeltaY(Ljava/awt/Point;Ljava/awt/Point;)I" new="a"/>
   <method old="isGestureRecognized()Z" new="a"/>
   <method old="saveMove(Ljava/lang/String;)V" new="a"/>
   <method old="clearTemporaryInfo()V" new="b"/>
   <field old="UP_MOVE" new="b"/>
   <field old="startPoint" new="e"/>
   <field old="mouseGestures" new="a"/>
   <field old="gridSize" new="f"/>
   <field old="RIGHT_MOVE" new="c"/>
   <field old="LEFT_MOVE" new="d"/>
   <field old="DOWN_MOVE" new="h"/>
   <field old="gesture" new="g"/>
  </class>
  <class old="com.smardec.mousegestures.MouseGestures$1" new="com.smardec.mousegestures.d">
   <method old="eventDispatched(Ljava/awt/AWTEvent;)V" new="eventDispatched"/>
   <field old="this$0" new="a"/>
  </class>
  <class old="hg" new="a">
   <method old="DecryptString(Ljava/lang/String;)Ljava/lang/String;" new="a"/>
  </class>
  <sources>
   <source old="" new ="j"/>
   <source old="MouseGestures.java" new ="i"/>
   <source old="MouseGesturesRecognizer.java" new ="h"/>
   <source old="MouseGestures.java" new ="g"/>
   <source old="TestFrame.java" new ="f"/>
   <source old="MouseGesturesListener.java" new ="e"/>
   <source old="TestFrame.java" new ="d"/>
   <source old="TestFrame.java" new ="c"/>
   <source old="TestFrame.java" new ="b"/>
   <source old="TestFrame.java" new ="a"/>
  </sources>
  <lines>
   <line l="195"/>
   <line l="202"/>
   <line l="114"/>
   <line l="34"/>
   <line l="21"/>
   <line l="219"/>
   <line l="64"/>
   <line l="138"/>
   <line l="220"/>
   <line l="61"/>
   <line l="166"/>
   <line l="245"/>
   <line l="97"/>
   <line l="179"/>
   <line l="225"/>
   <line l="5"/>
   <line l="261"/>
   <line l="255"/>
   <line l="85"/>
   <line l="6"/>
   <line l="184"/>
   <line l="234"/>
   <line l="156"/>
   <line l="18"/>
   <line l="55"/>
   <line l="253"/>
   <line l="231"/>
   <line l="230"/>
   <line l="146"/>
   <line l="165"/>
   <line l="52"/>
   <line l="133"/>
   <line l="108"/>
   <line l="30"/>
   <line l="107"/>
   <line l="155"/>
   <line l="197"/>
   <line l="129"/>
   <line l="69"/>
   <line l="192"/>
   <line l="172"/>
   <line l="203"/>
   <line l="150"/>
   <line l="244"/>
   <line l="208"/>
   <line l="151"/>
   <line l="152"/>
   <line l="59"/>
   <line l="13"/>
   <line l="159"/>
   <line l="196"/>
   <line l="173"/>
   <line l="40"/>
   <line l="45"/>
   <line l="38"/>
   <line l="143"/>
   <line l="98"/>
   <line l="67"/>
   <line l="20"/>
   <line l="238"/>
   <line l="95"/>
   <line l="19"/>
   <line l="256"/>
   <line l="236"/>
   <line l="75"/>
   <line l="170"/>
   <line l="115"/>
   <line l="68"/>
   <line l="199"/>
   <line l="168"/>
   <line l="232"/>
   <line l="78"/>
   <line l="74"/>
   <line l="162"/>
   <line l="116"/>
   <line l="136"/>
   <line l="132"/>
   <line l="32"/>
   <line l="175"/>
   <line l="99"/>
   <line l="268"/>
   <line l="101"/>
   <line l="250"/>
   <line l="57"/>
   <line l="123"/>
   <line l="28"/>
   <line l="22"/>
   <line l="258"/>
   <line l="105"/>
   <line l="207"/>
   <line l="210"/>
   <line l="14"/>
   <line l="140"/>
   <line l="180"/>
   <line l="49"/>
   <line l="12"/>
   <line l="246"/>
   <line l="4"/>
   <line l="160"/>
   <line l="70"/>
   <line l="164"/>
   <line l="7"/>
   <line l="109"/>
   <line l="127"/>
   <line l="47"/>
   <line l="11"/>
   <line l="148"/>
   <line l="141"/>
   <line l="87"/>
   <line l="227"/>
   <line l="15"/>
   <line l="104"/>
   <line l="112"/>
   <line l="102"/>
   <line l="248"/>
   <line l="193"/>
   <line l="139"/>
   <line l="44"/>
   <line l="263"/>
   <line l="81"/>
   <line l="25"/>
   <line l="103"/>
   <line l="206"/>
   <line l="92"/>
   <line l="46"/>
   <line l="50"/>
   <line l="113"/>
   <line l="212"/>
   <line l="239"/>
   <line l="229"/>
   <line l="154"/>
   <line l="130"/>
   <line l="128"/>
   <line l="252"/>
   <line l="94"/>
   <line l="124"/>
   <line l="187"/>
   <line l="90"/>
   <line l="191"/>
   <line l="204"/>
   <line l="126"/>
   <line l="35"/>
   <line l="76"/>
   <line l="54"/>
   <line l="221"/>
   <line l="223"/>
   <line l="17"/>
   <line l="161"/>
   <line l="36"/>
   <line l="41"/>
   <line l="177"/>
   <line l="149"/>
   <line l="249"/>
   <line l="243"/>
   <line l="198"/>
   <line l="93"/>
   <line l="237"/>
   <line l="53"/>
   <line l="119"/>
   <line l="77"/>
   <line l="186"/>
   <line l="58"/>
   <line l="29"/>
   <line l="122"/>
   <line l="82"/>
   <line l="83"/>
   <line l="142"/>
   <line l="10"/>
   <line l="240"/>
   <line l="24"/>
   <line l="0"/>
   <line l="73"/>
   <line l="79"/>
   <line l="89"/>
   <line l="228"/>
   <line l="213"/>
   <line l="37"/>
   <line l="62"/>
   <line l="56"/>
   <line l="242"/>
   <line l="80"/>
   <line l="72"/>
   <line l="157"/>
   <line l="100"/>
   <line l="216"/>
   <line l="8"/>
   <line l="254"/>
   <line l="257"/>
   <line l="135"/>
   <line l="158"/>
   <line l="209"/>
   <line l="31"/>
   <line l="251"/>
   <line l="215"/>
   <line l="222"/>
   <line l="1"/>
   <line l="86"/>
   <line l="181"/>
   <line l="260"/>
   <line l="183"/>
   <line l="266"/>
   <line l="194"/>
   <line l="3"/>
   <line l="26"/>
   <line l="125"/>
   <line l="63"/>
   <line l="174"/>
   <line l="96"/>
   <line l="121"/>
   <line l="118"/>
   <line l="9"/>
   <line l="267"/>
   <line l="189"/>
   <line l="71"/>
   <line l="106"/>
   <line l="259"/>
   <line l="137"/>
   <line l="134"/>
   <line l="110"/>
   <line l="211"/>
   <line l="224"/>
   <line l="16"/>
   <line l="182"/>
   <line l="185"/>
   <line l="190"/>
   <line l="265"/>
   <line l="131"/>
   <line l="200"/>
   <line l="235"/>
   <line l="169"/>
   <line l="178"/>
   <line l="264"/>
   <line l="27"/>
   <line l="218"/>
   <line l="144"/>
   <line l="66"/>
   <line l="163"/>
   <line l="171"/>
   <line l="42"/>
   <line l="241"/>
   <line l="147"/>
   <line l="2"/>
   <line l="117"/>
   <line l="120"/>
   <line l="217"/>
   <line l="262"/>
   <line l="214"/>
   <line l="176"/>
   <line l="43"/>
   <line l="167"/>
   <line l="91"/>
   <line l="60"/>
   <line l="153"/>
   <line l="51"/>
   <line l="201"/>
   <line l="33"/>
   <line l="48"/>
   <line l="188"/>
   <line l="39"/>
   <line l="233"/>
   <line l="205"/>
   <line l="247"/>
   <line l="111"/>
   <line l="84"/>
   <line l="65"/>
   <line l="145"/>
   <line l="23"/>
   <line l="226"/>
   <line l="88"/>
  </lines>
 </mapping>
</allatori>
