<config>
    <jars>
        <dir in="${out.classes.absolute.dir}" out="${out.classes.absolute.dir}-obfuscated"/>
    </jars>

    <classpath>
        <jar name="${android.jar}"/>
        <jar name="${project.target.android.jar}"/>
    </classpath>

    <keep-names>
        <class template="public class * instanceof android.app.Activity">
            <method template="public void *(android.view.View)"/>
        </class>
        <class template="public class * instanceof android.app.Application"/>
        <class template="public class * instanceof android.app.Service"/>
        <class template="public class * instanceof android.view.View">
            <method template="public void set*(**)"/>
        </class>
        <class template="public class * instanceof android.content.BroadcastReceiver"/>
        <class template="public class * instanceof android.content.ContentProvider"/>
        <class template="public class * instanceof android.app.backup.BackupAgentHelper"/>
        <class template="public class * instanceof android.preference.Preference"/>
        <class template="public class com.android.vending.licensing.ILicensingService"/>
        <class template="public class com.google.android.vending.licensing.ILicensingService"/>
        <class template="class * implements android.os.Parcelable">
            <field template="public static final android.os.Parcelable$Creator *"/>
        </class>
    </keep-names>

    <property name="log-file" value="log.xml"/>
</config>
